SerialID,Name,Age,Gender,Profession,Location,Genre
1001,EmilyTurner,28,Female,SoftwareDeveloper,Mumbai,Pop
1002,EthanClark,45,Male,MarketingManager,NewYork,Rock
1003,OliviaMartinez,33,Female,Teacher,London,HipHop
1004,LiamThompson,22,Male,GraphicDesigner,Berlin,Electronic
1005,AvaWright,39,Female,FinancialAnalyst,Sydney,Country
1006,NoahAdams,56,Male,Chef,Paris,R&B
1007,IsabellaHarris,31,Female,DataScientist,Toronto,Pop
1008,SophiaNelson,41,Female,Architect,LosAngeles,Rock
1009,JacksonScott,25,Male,Photographer,Tokyo,HipHop
1010,AidenRodriguez,37,Male,Lawyer,SaoPaulo,Electronic
1011,MiaSmith,29,Female,ProductManager,Delhi,Country
1012,LucasBrown,48,Male,Engineer,Sydney,R&B
1013,AmeliaHall,36,Female,UXDesigner,Stockholm,Pop
1014,OliverWhite,23,Male,SalesRepresentative,Madrid,Rock
1015,HarperLee,42,Female,Doctor,Paris,HipHop
1016,ElijahYoung,34,Male,Artist,NewYork,Country
1017,EvelynBaker,27,Female,EventPlanner,London,R&B
1018,LoganGreen,50,Male,Entrepreneur,SanFrancisco,Pop
1019,AbigailTaylor,38,Female,Psychologist,Melbourne,Rock
1020,CalebPerez,26,Male,Writer,CapeTown,HipHop
1021,ScarlettDavis,44,Female,HRManager,Berlin,Electronic
1022,HenryWilson,32,Male,ResearchScientist,Toronto,Country
1023,LilyJohnson,35,Female,TravelBlogger,Bali,R&B
1024,JackEvans,30,Male,FitnessTrainer,LosAngeles,Pop
1025,ZoeyWright,49,Female,FinancialAdvisor,Mumbai,Rock
1026,MasonLee,24,Male,SoftwareEngineer,Tokyo,HipHop
1027,GraceTurner,40,Female,MarketingDirector,Sydney,Electronic
1028,WilliamAdams,54,Male,Chef,Paris,Country
1029,ChloeMartinez,28,Female,DataAnalyst,NewYork,R&B
1030,SamuelTaylor,46,Male,Architect,London,Pop
1031,AvaNelson,32,Female,GraphicDesigner,Berlin,Rock
1032,BenjaminScott,21,Male,FinancialAnalyst,Sydney,HipHop
1033,SophiaRodriguez,55,Female,Lawyer,Tokyo,Electronic
1034,JacksonSmith,30,Male,UXDesigner,SaoPaulo,Country
1035,IsabellaBrown,37,Female,ProductManager,Delhi,R&B
1036,AidenWhite,29,Male,Engineer,Sydney,Pop
1037,MiaHall,47,Female,Artist,Stockholm,Rock
1038,LucasHarris,35,Male,Doctor,Madrid,HipHop
1039,AmeliaYoung,22,Female,Entrepreneur,Paris,Electronic
1040,OliverBaker,39,Male,Psychologist,London,Country